search_term,link1,link2,link3,link4,link5,link6,link7,link8,link9,link10
flights to hong kong,www.google.com,www.kayak.com,www.skyscanner.com,www.momondo.com,www.cheapflights.com,www.united.com,www.wingie.com,www.priceline.com,www.expedia.com,www.trip.com
flights to bangkok,www.google.com,www.skyscanner.com,www.united.com,www.expedia.com,www.kayak.com,www.directflights.com,www.cheapflights.com,www.booking.com,www.delta.com,www.thaiairways.com
flights to london,www.kayak.com,www.expedia.com,www.skyscanner.com,www.united.com,www.google.com,www.cheapflights.com,www.momondo.com,www.aa.com,www.jetblue.com,www.delta.com
flights to singapore,www.singaporeair.com,www.google.com,www.kayak.com,www.skyscanner.com,www.momondo.com,www.skyscanner.com.sg,www.cheapflights.com,www.expedia.com,www.trip.com,www.skyscanner.com.sg
flights to macau,www.kayak.com,www.google.com,www.expedia.com,www.skyscanner.com,www.momondo.com,www.cheapflights.com,www.kayak.com,www.flightconnections.com,www.skyscanner.com,www.kiwi.com
flights to dubai,www.google.com,www.kayak.com,www.expedia.com,www.skyscanner.com,www.momondo.com,www.cheapflights.com,www.united.com,www.tripadvisor.com,www.emirates.com,www.skyscanner.com
flights to paris,www.kayak.com,www.united.com,www.expedia.com,www.skyscanner.com,www.google.com,www.momondo.com,www.cheapflights.com,www.skyscanner.net,www.priceline.com,www.trip.com
flights to new york city,www.kayak.com,www.google.com,www.aa.com,www.expedia.com,www.skyscanner.com,www.cheapflights.com,www.priceline.com,www.united.com,www.delta.com,www.tripadvisor.com
flights to shenzhen,www.kayak.com,www.google.com,www.expedia.com,www.skyscanner.com,www.trip.com,www.flightconnections.com,www.cheapflights.com,www.momondo.com,www.singaporeair.com,www.directflights.com
flights to kuala lumpur,www.skyscanner.com,www.expedia.com,www.kayak.com,www.cheapflights.com,www.momondo.com,www.trip.com,www.united.com,www.lastminute.com,www.aa.com,www.klm.com
flights to phuket,www.google.com,www.kayak.com,www.united.com,www.expedia.com,www.skyscanner.com,www.cheapflights.com,www.momondo.com,www.directflights.com,www.tripadvisor.com,www.aa.com
flights to delhi,www.united.com,www.kayak.com,www.google.com,www.skyscanner.com,www.aa.com,www.indianeagle.com,www.cheapflights.com,www.ixigo.com,www.expedia.com,www.makemytrip.com
flights to tokyo,www.kayak.com,www.google.com,www.united.com,www.expedia.com,www.skyscanner.com,www.cheapflights.com,www.momondo.com,www.jal.co.jp,www.booking.com,www.tripadvisor.com
flights to rome,www.kayak.com,www.united.com,www.google.com,www.expedia.com,www.skyscanner.net,www.momondo.com,www.cheapflights.com,www.priceline.com,www.lastminute.com,www.aa.com
flights to taipei,www.google.com,www.united.com,flights.evaair.com,www.skyscanner.com,www.kayak.com,www.aa.com,www.cheapflights.com,www.delta.com,www.directflights.com,www.kayak.com
flights to guangzhou,www.expedia.com,www.google.com,www.skyscanner.com,www.kayak.com,www.cheapflights.com,www.momondo.com,www.booking.com,www.directflights.com,us.trip.com,www.tripadvisor.com
flights to mumbai,www.google.com,www.skyscanner.com,www.united.com,www.kayak.com,www.goindigo.in,www.indianeagle.com,www.makemytrip.com,www.kayak.com,www.aa.com,www.delta.com
flights to mecca,www.kayak.com,www.expedia.com,www.skyscanner.com,www.tripadvisor.com,www.cheapflights.com,www.almosafer.com,www.travelocity.com,www.hotwire.com,www.skyscanner.ca,zamzam.com
flights to istanbul,www.united.com,www.google.com,www.kayak.com,www.skyscanner.com,www.cheapflights.com,www.skyscanner.net,www.momondo.com,www.expedia.com,istanbeautiful.com,www.booking.com
flights to prague,www.kayak.com,www.united.com,www.expedia.com,www.google.com,www.skyscanner.com,www.cheapflights.com,www.momondo.com,www.priceline.com,www.directflights.com,www.aa.com
flights to miami,www.kayak.com,www.google.com,www.expedia.com,www.cheapflights.com,www.united.com,www.skyscanner.com,www.priceline.com,www.momondo.com,www.aa.com,www.southwest.com
flights to seoul,www.google.com,www.united.com,www.kayak.com,www.skyscanner.com,www.expedia.com,www.koreanair.com,www.delta.com,www.cheapflights.com,www.momondo.com,www.aa.com
flights to barcelona,www.kayak.com,www.united.com,www.google.com,www.skyscanner.com,www.expedia.com,www.momondo.com,www.cheapflights.com,www.skyscanner.net,www.flightsfinder.com,www.directflights.com
flights to pattaya,www.expedia.com,www.kayak.com,www.google.com,www.skyscanner.com,www.cheapflights.com,www.kiwi.com,wowfare.com,www.travelocity.com,www.flights.com,cheapflightspattaya.com
flights to shanghai,www.google.com,www.kayak.com,www.expedia.com,www.united.com,www.skyscanner.com,www.skyscanner.net,www.cheapflights.com,www.flightconnections.com,www.momondo.com,www.aa.com
flights to milan,www.kayak.com,www.google.com,www.united.com,www.expedia.com,www.skyscanner.com,www.cheapflights.com,www.directflights.com,www.momondo.com,www.aa.com,www.priceline.com
flights to cancún,www.google.com,www.kayak.com,www.momondo.com,www.kayak.com,www.cheapflights.com,www.momondo.com,www.skyscanner.com,www.expedia.com,www.cheapflights.com,www.priceline.com
flights to agra,www.goindigo.in,www.google.com,www.flightconnections.com,www.makemytrip.com,www.expedia.com,www.skyscanner.com,www.flightradar24.com,www.kayak.com,www.trip.com,www.directflights.com
flights to las vegas,www.kayak.com,www.google.com,www.expedia.com,www.skyscanner.com,www.cheapflights.com,www.momondo.com,www.united.com,byojet.com,www.aa.com,www.delta.com
flights to amsterdam,www.united.com,www.google.com,www.expedia.com,www.kayak.com,www.skyscanner.com,www.aa.com,www.cheapflights.com,www.momondo.com,www.delta.com,www.ryanair.com
flights to antalya,www.google.com,www.kayak.com,www.expedia.com,www.skyscanner.com,www.cheapflights.com,www.flightconnections.com,www.momondo.com,www.kiwi.com,www.booking.com,wizzair.com
flights to denpasar,www.united.com,www.expedia.com,www.google.com,www.kayak.com,www.flightconnections.com,www.skyscanner.com,www.directflights.com,www.singaporeair.com,www.skyscanner.net,www.tripadvisor.com
flights to osaka,www.google.com,www.kayak.com,www.united.com,www.skyscanner.com,www.expedia.com,www.cheapflights.com,www.momondo.com,flights.ana.co.jp,www.trip.com,www.delta.com
flights to los angeles,www.kayak.com,www.google.com,www.expedia.com,www.united.com,www.cheapflights.com,www.delta.com,www.skyscanner.com,www.southwest.com,www.aa.com,www.priceline.com
flights to vienna,www.united.com,www.google.com,www.kayak.com,www.expedia.com,www.skyscanner.com,www.momondo.com,www.cheapflights.com,www.directflights.com,www.aa.com,www.britishairways.com
flights to berlin,www.kayak.com,www.expedia.com,www.google.com,www.skyscanner.com,www.momondo.com,www.cheapflights.com,www.united.com,www.flightsfinder.com,www.lastminute.com,www.ryanair.com
flights to madrid,www.united.com,www.kayak.com,www.skyscanner.com,www.google.com,www.expedia.com,www.iberia.com,www.momondo.com,www.cheapflights.com,www.priceline.com,www.aa.com
flights to johor bahru,www.google.com,www.airasia.com,www.expedia.com,www.malaysiaairlines.com,www.momondo.com,www.skyscanner.com,www.cheapflights.com,www.flightconnections.com,www.trip.com,www.airpaz.com
flights to johannesburg,www.united.com,www.google.com,www.kayak.com,www.flysafair.co.za,www.expedia.com,www.aa.com,www.delta.com,www.flyairlink.com,www.skyscanner.net,www.directflights.com
flights to riyadh,www.google.com,www.skyscanner.com,www.kayak.com,www.momondo.com,www.cheapflights.com,www.almosafer.com,www.flightconnections.com,www.skyscanner.com.sa,www.booking.com,www.expedia.com
flights to ho chi minh city,www.google.com,www.kayak.com,www.united.com,www.skyscanner.com,www.momondo.com,www.cheapflights.com,www.expedia.com,www.flightconnections.com,www.vietnamairlines.com,www.booking.com
flights to venice,www.kayak.com,www.google.com,www.united.com,www.expedia.com,www.aa.com,www.skyscanner.net,www.skyscanner.com,www.directflights.com,www.tripadvisor.com,www.momondo.com
flights to orlando,www.kayak.com,www.expedia.com,www.google.com,www.united.com,www.skyscanner.com,www.momondo.com,www.cheapflights.com,www.priceline.com,byojet.com,us.trip.com
flights to chennai,www.google.com,www.kayak.com,www.skyscanner.com,www.united.com,www.momondo.com,www.cheapflights.com,www.indianeagle.com,www.airindia.com,www.ixigo.com,www.aa.com
flights to jaipur,www.kayak.com,www.google.com,www.expedia.com,www.skyscanner.co.in,www.makemytrip.com,www.cheapflights.com,www.momondo.com,www.goibibo.com,www.flightconnections.com,www.skyscanner.com
flights to athens,www.united.com,www.google.com,www.kayak.com,www.skyscanner.com,www.expedia.com,www.cheapflights.com,www.momondo.com,www.directflights.com,www.skyscanner.net,www.aa.com
flights to dublin,www.kayak.com,www.united.com,www.google.com,www.expedia.com,www.skyscanner.com,www.directflights.com,www.aerlingus.com,www.momondo.com,www.ryanair.com,www.delta.com
flights to florence,www.google.com,www.united.com,www.kayak.com,www.easyjet.com,www.expedia.com,www.skyscanner.net,www.britishairways.com,www.skyscanner.com,www.momondo.com,www.aa.com
flights to moscow,www.google.com,www.kayak.com,www.expedia.com,www.cheapflights.com,www.skyscanner.com,www.trip.com,www.flightsfinder.com,www.momondo.com,www.flightconnections.com,www.skyscanner.net
flights to toronto,www.united.com,www.google.com,www.kayak.com,www.expedia.com,www.aircanada.com,www.skyscanner.com,www.aa.com,www.ca.kayak.com,www.cheapflights.com,www.momondo.com
flights to hanoi,www.google.com,www.united.com,www.kayak.com,www.expedia.com,www.skyscanner.com,www.flightconnections.com,www.cheapflights.com,www.momondo.com,www.directflights.com,www.flights.com
flights to beijing,www.google.com,www.kayak.com,www.united.com,www.expedia.com,www.skyscanner.com,www.flightconnections.com,www.cheapflights.com,www.momondo.com,www.skyscanner.net,www.booking.com
flights to ha long,www.expedia.com,www.kayak.com,www.cheapflights.com,www.tripadvisor.com,www.flightconnections.com,www.kiwi.com,www.seaplanes.vn,www.flighthub.com,www.halongvietnamtours.com,www.orbitz.com
flights to sydney,www.united.com,www.kayak.com,www.google.com,www.skyscanner.com,www.skyscanner.com.au,www.momondo.com,www.expedia.com,www.aa.com,www.webjet.com.au,www.jetstar.com
flights to budapest,www.google.com,www.kayak.com,www.expedia.com,www.united.com,www.skyscanner.com,www.aa.com,www.ryanair.com,www.easyjet.com,www.britishairways.com,www.momondo.com
flights to punta cana,www.kayak.com,www.google.com,www.united.com,www.expedia.com,www.skyscanner.com,www.cheapflights.com,www.tripadvisor.com,www.momondo.com,www.aa.com,www.southwest.com
flights to san francisco,www.google.com,www.kayak.com,www.united.com,www.skyscanner.com,www.expedia.com,www.aa.com,www.cheapflights.com,www.priceline.com,www.tripadvisor.com,www.southwest.com
flights to jakarta,www.google.com,www.kayak.com,www.united.com,www.expedia.com,www.skyscanner.com,www.momondo.com,www.cheapflights.com,www.flightsfinder.com,www.directflights.com,www.booking.com
flights to dammam,www.google.com,www.kayak.com,www.skyscanner.com,www.skyscanner.com.sa,www.expedia.com,www.cheapflights.com,sa.wego.com,www.almosafer.com,www.flightconnections.com,www.momondo.com
flights to munich,www.united.com,www.kayak.com,www.google.com,www.expedia.com,www.skyscanner.com,www.easyjet.com,www.directflights.com,www.cheapflights.com,www.momondo.com,www.travelmag.com
flights to lisbon,www.kayak.com,www.united.com,www.google.com,www.expedia.com,www.skyscanner.com,www.flytap.com,www.directflights.com,www.momondo.com,www.cheapflights.com,www.priceline.com
flights to zhuhai,www.kayak.com,www.google.com,www.expedia.com,www.skyscanner.com,www.flightconnections.com,www.tripadvisor.com,www.trip.com,www.directflights.com,www.cheapflights.com,www.momondo.com
flights to heraklion,www.kayak.com,www.google.com,www.directflights.com,www.expedia.com,www.skyscanner.com,www.skyscanner.net,www.flightconnections.com,www.cheapflights.com,www.momondo.com,www.skyexpress.gr
flights to penang island,www.kayak.com,www.skyscanner.com,www.expedia.com,www.flightconnections.com,www.tripadvisor.com,www.trip.com,www.cheapflights.com,www.skyscanner.net,www.google.com,www.booking.com
flights to cairo,www.kayak.com,www.google.com,www.united.com,www.expedia.com,www.skyscanner.com,www.momondo.com,www.aa.com,www.cheapflights.com,www.skyscanner.com,www.kayak.com
flights to copenhagen,www.kayak.com,www.united.com,www.google.com,www.expedia.com,www.skyscanner.com,www.skyscanner.net,www.directflights.com,www.cheapflights.com,www.momondo.com,www.booking.com
flights to kyoto,www.expedia.com,www.google.com,www.kayak.com,www.skyscanner.com,www.cheapflights.com,www.momondo.com,www.tripadvisor.com,www.kiwi.com,www.oneair.ai,wowfare.com
flights to phnom penh,www.google.com,www.kayak.com,www.skyscanner.com,www.expedia.com,www.flightconnections.com,www.cheapflights.com,www.momondo.com,www.united.com,flights.philippineairlines.com,www.directflights.com
flights to doha,www.google.com,www.kayak.com,www.expedia.com,www.qatarairways.com,www.skyscanner.com,www.flightconnections.com,www.momondo.com,www.cheapflights.com,www.aa.com,www.directflights.com
flights to chiang mai,www.kayak.com,www.google.com,www.skyscanner.com,www.thaiairways.com,www.flightconnections.com,www.expedia.com,www.momondo.com,www.cheapflights.com,www.starlux-airlines.com,www.skyscanner.net
flights to edirne,www.expedia.com,www.kayak.com,www.tripadvisor.com,www.skyscanner.com,www.gother.com,flyhalfprice.com,bookperfect.com,www.trip.com,www.expedia-aarp.com,www.skyscanner.net
flights to jerusalem,www.expedia.com,www.kayak.com,www.google.com,www.skyscanner.com,www.cheapflights.com,www.priceline.com,www.tripadvisor.com,www.united.com,www.elal.com,www.travelmath.com
flights to saint petersburg,www.expedia.com,www.kayak.com,www.google.com,www.skyscanner.net,www.cheapflights.com,us.trip.com,www.trip.com,www.directflights.com,fly2pie.com,www.kayak.com
flights to warsaw,www.google.com,www.kayak.com,www.skyscanner.com,www.directflights.com,www.momondo.com,www.cheapflights.com,www.expedia.com,www.united.com,www.aa.com,www.flightsfinder.com
flights to melbourne,www.united.com,www.google.com,www.kayak.com,www.skyscanner.com.au,www.cheapflights.com,www.momondo.com,www.skyscanner.net,www.priceline.com,www.directflights.com,www.going.com
flights to marrakesh,www.google.com,www.united.com,www.kayak.com,www.skyscanner.com,www.flightconnections.com,www.cheapflights.com,www.momondo.com,www.delta.com,www.directflights.com,www.expedia.com
flights to vancouver,www.united.com,www.google.com,www.kayak.com,www.aircanada.com,www.expedia.com,www.skyscanner.com,www.cheapflights.com,www.aa.com,www.booking.com,www.momondo.com
flights to auckland,www.united.com,www.google.com,www.kayak.com,www.skyscanner.com,www.airnewzealand.co.nz,www.momondo.com,www.airnewzealand.com,www.cheapflights.com,www.aa.com,www.qantas.com
flights to tel aviv,www.kayak.com,www.expedia.com,www.united.com,www.google.com,www.elal.com,www.skyscanner.com,www.aa.com,www.cheapflights.com,www.flightconnections.com,www.booking.com
flights to honolulu,www.google.com,www.kayak.com,www.united.com,www.expedia.com,www.hawaiianairlines.com,www.cheapflights.com,www.skyscanner.com,www.momondo.com,comparewings.com,www.cheapflightsanytime.com
flights to artvin,www.turkishairlines.com,www.expedia.com,www.tripadvisor.com,www.skyscanner.com,www.gother.com,www.flightconnections.com,www.flights.com,www.travelocity.com,www.wingie.com,ajet.com
flights to kolkata,www.google.com,www.kayak.com,www.skyscanner.com,www.united.com,www.momondo.com,www.cheapflights.com,www.ixigo.com,www.indianeagle.com,www.makemytrip.com,www.expedia.com
flights to kraków,www.united.com,www.google.com,www.easyjet.com,www.aa.com,www.skyscanner.com,www.ryanair.com,www.kayak.com,www.directflights.com,www.flightconnections.com,wizzair.com
flights to guilin,www.kayak.com,www.google.com,www.skyscanner.com,www.expedia.com,www.flightconnections.com,www.airasia.com,www.directflights.com,www.cheapflights.com,www.momondo.com,www.kiwi.com
flights to brussels,www.united.com,www.google.com,www.kayak.com,www.skyscanner.net,www.expedia.com,www.delta.com,www.easyjet.com,www.cheapflights.com,www.directflights.com,www.aa.com
flights to frankfurt am main,www.google.com,www.kayak.com,www.momondo.com,www.momondo.com,www.kayak.com,www.momondo.com,www.kayak.com,www.skyscanner.com,www.cheapflights.com,www.kayak.com
flights to stockholm,www.kayak.com,www.united.com,www.google.com,www.expedia.com,www.skyscanner.net,www.skyscanner.com,www.cheapflights.com,www.momondo.com,www.directflights.com,www.easyjet.com
flights to jeju,www.expedia.com,www.kayak.com,www.google.com,www.skyscanner.com,www.flightconnections.com,www.cheapflights.com,www.trip.com,www.skyscanner.gg,www.momondo.com,www.koreanair.com
flights to mexico city,www.united.com,www.kayak.com,www.google.com,www.expedia.com,www.skyscanner.com,www.cheapflights.com,www.momondo.com,www.aa.com,flights.idealo.com,www.volaris.com
flights to siem reap,www.kayak.com,www.flightconnections.com,www.expedia.com,www.directflights.com,www.skyscanner.com,www.google.com,www.airasia.com,www.booking.com,www.cheapflights.com,journeycambodia.com
flights to lima,www.google.com,www.united.com,www.kayak.com,www.expedia.com,www.skyscanner.com,www.cheapflights.com,www.momondo.com,www.priceline.com,www.aa.com,www.directflights.com
flights to rio de janeiro,www.united.com,www.google.com,www.kayak.com,www.expedia.com,www.skyscanner.com,www.cheapflights.com,www.momondo.com,www.aa.com,www.delta.com,www.kayak.com
flights to rhodes,www.google.com,www.kayak.com,www.expedia.com,www.skyscanner.com,www.cheapflights.com,www.momondo.com,www.easyjet.com,www.ryanair.com,www.skyscanner.net,flights.aegeanair.com
flights to buenos aires,www.united.com,www.google.com,www.kayak.com,www.expedia.com,www.skyscanner.com,www.directflights.com,www.momondo.com,www.cheapflights.com,www.aa.com,www.going.com
flights to colombo,www.google.com,www.kayak.com,www.skyscanner.com,www.flightconnections.com,www.momondo.com,www.directflights.com,www.cheapflights.com,www.expedia.com,www.trip.com,www.cheapoair.com
flights to abu dhabi,www.kayak.com,www.google.com,www.etihad.com,www.skyscanner.com,www.expedia.com,www.momondo.com,www.cheapflights.com,www.almosafer.com,www.cheapflights.com,www.booking.com
flights to taichung,www.google.com,www.expedia.com,www.skyscanner.com,flights.evaair.com,www.cheapflights.com,www.flightconnections.com,www.momondo.com,www.flightsfinder.com,www.booking.com,www.trip.com
flights to washington d.c.,www.google.com,www.united.com,www.kayak.com,www.aa.com,www.delta.com,www.skyscanner.com,www.flybreeze.com,www.tripadvisor.com,www.jetblue.com,www.allegiantair.com
flights to chiba,www.expedia.com,www.google.com,www.kayak.com,www.skyscanner.com,www.tripadvisor.com,www.cheapflights.com,www.kiwi.com,www.flights.com,www.flighthub.com,www.travelocity.com
flights to nice,www.united.com,www.kayak.com,www.skyscanner.com,www.google.com,www.expedia.com,www.skyscanner.net,www.flightconnections.com,www.momondo.com,www.cheapflights.com,www.aa.com
tickets to hong kong,www.kayak.com,www.skyscanner.com,www.google.com,www.united.com,www.momondo.com,www.cheapflights.com,www.expedia.com,www.skyscanner.com.hk,www.priceline.com,www.trip.com
tickets to bangkok,www.kayak.com,www.expedia.com,www.skyscanner.com,www.united.com,www.google.com,www.cheapflights.com,www.directflights.com,www.thaiairways.com,www.asaptickets.com,www.booking.com
tickets to london,www.kayak.com,www.expedia.com,www.skyscanner.com,www.united.com,www.google.com,www.cheapflights.com,www.momondo.com,us.trip.com,skiplagged.com,www.trip.com
tickets to singapore,www.kayak.com,www.expedia.com,www.skyscanner.com,www.google.com,www.momondo.com,www.cheapflights.com,www.skyscanner.com.sg,www.singaporeair.com,www.skyscanner.com,www.kayak.com
tickets to macau,www.kayak.com,www.expedia.com,www.google.com,www.skyscanner.com,www.cheapflights.com,www.momondo.com,www.skyscanner.com,www.kiwi.com,www.kayak.com,www.going.com
tickets to dubai,www.expedia.com,www.skyscanner.com,www.kayak.com,www.google.com,www.united.com,www.momondo.com,www.cheapflights.com,us.jetcost.com,www.emirates.com,booking.visitdubai.com
tickets to paris,www.kayak.com,www.expedia.com,www.united.com,www.skyscanner.com,www.google.com,www.cheapflights.com,www.momondo.com,www.priceline.com,www.booking.com,www.jetblue.com
tickets to new york city,www.kayak.com,www.aa.com,www.expedia.com,www.united.com,www.skyscanner.com,www.google.com,www.cheapflights.com,www.priceline.com,www.momondo.com,www.tripadvisor.com
tickets to shenzhen,www.kayak.com,www.google.com,www.expedia.com,www.trip.com,www.skyscanner.com,global.shenzhenair.com,www.cheapflights.com,www.momondo.com,www.kiwi.com,www.directflights.com
tickets to kuala lumpur,www.kayak.com,www.skyscanner.com,www.expedia.com,www.united.com,www.aa.com,www.cheapflights.com,www.trip.com,www.momondo.com,www.klm.com,www.lastminute.com
tickets to phuket,www.kayak.com,www.expedia.com,www.skyscanner.com,www.united.com,www.google.com,www.cheapflights.com,www.directflights.com,www.tripadvisor.com,www.momondo.com,www.aa.com
tickets to delhi,www.kayak.com,www.skyscanner.com,www.google.com,www.expedia.com,www.cheapflights.com,www.indianeagle.com,www.momondo.com,www.skyscanner.co.in,www.trip.com,www.united.com
tickets to tokyo,www.kayak.com,www.expedia.com,www.skyscanner.com,www.united.com,www.google.com,www.cheapflights.com,www.momondo.com,www.trip.com,www.aa.com,www.kayak.com
tickets to rome,www.kayak.com,www.united.com,www.expedia.com,www.google.com,www.skyscanner.com,www.aa.com,www.rome.info,www.delta.com,www.priceline.com,www.alaskaair.com
tickets to taipei,www.google.com,www.skyscanner.com,www.kayak.com,www.expedia.com,www.momondo.com,www.cheapflights.com,www.united.com,www.trip.com,www.kayak.com,www.skyscanner.com
tickets to guangzhou,www.expedia.com,www.kayak.com,www.google.com,www.skyscanner.com,www.cheapflights.com,www.aa.com,www.directflights.com,www.momondo.com,www.kiwi.com,www.tripadvisor.com
tickets to mumbai,www.google.com,www.kayak.com,www.skyscanner.com,www.united.com,www.expedia.com,www.makemytrip.com,www.cheapflights.com,www.momondo.com,www.indianeagle.com,www.delta.com
tickets to mecca,www.kayak.com,www.expedia.com,www.skyscanner.com,www.tripadvisor.com,www.cheapflights.com,www.almosafer.com,www.travelocity.com,www.hotwire.com,www.skyscanner.com.sa,valorflights.com
tickets to istanbul,www.turkishairlines.com,www.kayak.com,www.expedia.com,www.united.com,www.google.com,www.skyscanner.com,www.cheapflights.com,www.momondo.com,www.booking.com,www.aa.com
tickets to prague,www.expedia.com,www.kayak.com,www.skyscanner.com,www.united.com,www.google.com,www.cheapflights.com,www.directflights.com,www.momondo.com,www.aa.com,www.kiwi.com
tickets to miami,www.expedia.com,www.kayak.com,www.cheapflights.com,www.google.com,www.united.com,www.skyscanner.com,www.priceline.com,www.momondo.com,us.trip.com,www.tripadvisor.com
tickets to seoul,www.kayak.com,www.google.com,www.skyscanner.com,www.expedia.com,www.united.com,www.koreanair.com,www.cheapflights.com,www.momondo.com,www.delta.com,www.flightsfinder.com
tickets to barcelona,www.kayak.com,www.united.com,www.expedia.com,www.google.com,www.skyscanner.com,www.aa.com,www.momondo.com,www.cheapflights.com,www.barcelona.com,www.kiwi.com
tickets to pattaya,www.expedia.com,www.kayak.com,www.google.com,www.skyscanner.com,www.cheapflights.com,www.kiwi.com,www.travelocity.com,www.tripadvisor.com,wowfare.com,cheapflightspattaya.com
tickets to shanghai,www.kayak.com,www.expedia.com,www.google.com,www.skyscanner.com,www.united.com,www.cheapflights.com,www.skyscanner.net,www.aa.com,www.tripadvisor.com,www.momondo.com
tickets to milan,www.united.com,www.kayak.com,www.expedia.com,www.google.com,www.skyscanner.net,www.priceline.com,www.cheapflights.com,www.momondo.com,www.travelpirates.com,www.cheapoair.com
tickets to cancún,www.google.com,www.united.com,www.kayak.com,www.expedia.com,www.skyscanner.com,www.momondo.com,www.priceline.com,www.cheapflights.com,www.liligo.com,cheapflightstocancun.com
tickets to agra,www.google.com,www.skyscanner.com,www.makemytrip.com,www.kayak.com,www.expedia.com,www.tajmahal.gov.in,www.goindigo.in,www.flightconnections.com,www.yatra.com,www.flights.com
tickets to las vegas,www.kayak.com,www.skyscanner.com,www.expedia.com,www.google.com,www.united.com,www.cheapflights.com,www.aa.com,www.spirit.com,www.edreams.net,www.southwest.com
tickets to amsterdam,www.expedia.com,www.kayak.com,www.united.com,www.google.com,www.skyscanner.com,www.aa.com,www.cheapflights.com,www.momondo.com,www.jetblue.com,www.directflights.com
tickets to antalya,www.kayak.com,www.google.com,www.expedia.com,www.turkishairlines.com,www.skyscanner.com,www.skyscanner.net,www.cheapflights.com,www.momondo.com,www.kiwi.com,www.easyjet.com
tickets to denpasar,www.kayak.com,www.expedia.com,www.united.com,www.skyscanner.com,www.google.com,www.directflights.com,www.singaporeair.com,www.momondo.com,www.flightconnections.com,www.cheapflights.com
tickets to osaka,www.kayak.com,www.google.com,www.skyscanner.com,www.expedia.com,www.united.com,www.cheapflights.com,www.momondo.com,www.kiwi.com,www.liligo.com,www.trip.com
tickets to los angeles,www.kayak.com,www.google.com,www.expedia.com,www.skyscanner.com,www.aa.com,www.cheapflights.com,www.priceline.com,www.united.com,www.delta.com,www.momondo.com
tickets to vienna,www.kayak.com,www.expedia.com,www.google.com,www.skyscanner.com,www.cheapflights.com,www.booking.com,www.momondo.com,www.directflights.com,www.liligo.com,us.jetcost.com
tickets to berlin,www.kayak.com,www.expedia.com,www.united.com,www.google.com,www.skyscanner.com,www.cheapflights.com,www.momondo.com,flights.idealo.com,www.aa.com,www.flightsfinder.com
tickets to madrid,www.kayak.com,www.united.com,www.skyscanner.com,www.expedia.com,www.google.com,www.jetblue.com,www.ryanair.com,www.easyjet.com,www.momondo.com,www.aa.com
tickets to johor bahru,www.google.com,www.airasia.com,www.expedia.com,www.skyscanner.com,www.momondo.com,www.flights.com,www.airpaz.com,www.malaysiaairlines.com,www.trip.com,www.kiwi.com
tickets to johannesburg,www.kayak.com,www.google.com,www.expedia.com,www.skyscanner.com,www.cheapflights.com,www.momondo.com,www.united.com,www.asaptickets.com,www.aa.com,www.kayak.com
tickets to riyadh,www.kayak.com,www.skyscanner.com,www.google.com,www.expedia.com,www.cheapflights.com,www.aa.com,www.almosafer.com,www.skyscanner.com.sa,www.booking.com,www.directflights.com
tickets to ho chi minh city,www.kayak.com,www.skyscanner.com,www.expedia.com,www.google.com,flights.evaair.com,www.united.com,www.tripadvisor.com,www.booking.com,www.momondo.com,www.aa.com
tickets to venice,www.kayak.com,www.expedia.com,www.google.com,www.skyscanner.com,www.momondo.com,www.cheapflights.com,www.directflights.com,www.united.com,www.aa.com,www.cheapoair.com
tickets to orlando,www.expedia.com,www.kayak.com,www.united.com,www.skyscanner.com,www.google.com,www.priceline.com,www.momondo.com,www.cheapflights.com,www.aa.com,www.tripadvisor.com
tickets to chennai,www.kayak.com,www.google.com,www.skyscanner.com,www.united.com,www.makemytrip.com,www.indianeagle.com,www.momondo.com,www.goindigo.in,www.aa.com,www.cheapflights.com
tickets to jaipur,www.kayak.com,www.google.com,www.expedia.com,www.skyscanner.com,www.cheapflights.com,www.momondo.com,www.flightconnections.com,www.trip.com,www.goibibo.com,www.makemytrip.com
tickets to athens,www.kayak.com,www.united.com,www.skyscanner.com,www.google.com,www.expedia.com,www.momondo.com,www.cheapflights.com,www.booking.com,www.tripadvisor.com,www.delta.com
tickets to dublin,www.kayak.com,www.united.com,www.expedia.com,www.google.com,www.skyscanner.com,www.momondo.com,www.aerlingus.com,www.directflights.com,www.booking.com,www.priceline.com
tickets to florence,www.momondo.com,www.kayak.com,www.expedia.com,www.google.com,www.kayak.com,www.momondo.com,www.cheapflights.com,www.skyscanner.com,www.aa.com,www.expedia.com
tickets to moscow,www.kayak.com,www.google.com,www.expedia.com,www.skyscanner.com,www.cheapflights.com,www.momondo.com,www.trip.com,www.skyscanner.net,www.cheapoair.com,www.kayak.com
tickets to toronto,www.kayak.com,www.expedia.com,www.google.com,www.skyscanner.com,www.cheapflights.com,www.momondo.com,www.aa.com,www.aircanada.com,www.united.com,www.going.com
tickets to hanoi,www.kayak.com,www.google.com,www.expedia.com,www.united.com,www.skyscanner.com,www.vietnamairlines.com,www.cheapflights.com,www.momondo.com,www.trip.com,www.directflights.com
tickets to beijing,www.kayak.com,www.expedia.com,www.google.com,www.skyscanner.com,www.cheapflights.com,www.momondo.com,www.booking.com,www.united.com,www.trip.com,www.flightsfinder.com
tickets to ha long,vivuhalong.com,www.orientalsails.com,www.expedia.com,www.kayak.com,www.viator.com,www.visithalongbay.com,www.tripadvisor.com,www.viator.com,www.cheapflights.com,shippedaway.com
tickets to sydney,www.kayak.com,www.united.com,www.google.com,www.expedia.com,www.skyscanner.com,www.skyscanner.com.au,www.jetstar.com,www.momondo.com,www.delta.com,www.aa.com
tickets to budapest,www.kayak.com,www.skyscanner.com,www.united.com,www.expedia.com,www.google.com,www.aa.com,www.cheapflights.com,www.skyscanner.net,www.momondo.com,www.directflights.com
tickets to punta cana,www.kayak.com,www.united.com,www.skyscanner.com,www.expedia.com,www.google.com,www.cheapflights.com,www.momondo.com,www.tripadvisor.com,www.priceline.com,www.booking.com
tickets to san francisco,www.kayak.com,www.united.com,www.google.com,www.expedia.com,www.skyscanner.com,www.aa.com,www.priceline.com,www.cheapflights.com,www.momondo.com,www.tripadvisor.com
tickets to jakarta,www.kayak.com,www.google.com,www.skyscanner.com,www.expedia.com,www.momondo.com,www.cheapflights.com,www.united.com,www.booking.com,www.trip.com,www.directflights.com
tickets to dammam,www.google.com,www.kayak.com,www.expedia.com,www.skyscanner.com,www.cheapflights.com,www.skyscanner.com.sa,www.almosafer.com,www.momondo.com,www.edreams.com,sa.wego.com
tickets to munich,www.kayak.com,www.expedia.com,www.united.com,www.skyscanner.com,www.google.com,www.lufthansa.com,www.cheapflights.com,www.momondo.com,www.directflights.com,www.flightsfinder.com
tickets to lisbon,www.kayak.com,www.united.com,www.google.com,www.expedia.com,www.skyscanner.com,www.delta.com,www.flytap.com,www.momondo.com,www.tripadvisor.com,www.aa.com
tickets to zhuhai,www.kayak.com,www.expedia.com,www.skyscanner.com,www.google.com,www.trip.com,www.cheapflights.com,www.momondo.com,www.directflights.com,www.flightconnections.com,www.tripadvisor.com
tickets to heraklion,www.kayak.com,www.skyscanner.com,www.google.com,www.skyscanner.net,www.ryanair.com,www.expedia.com,www.skyexpress.gr,www.directflights.com,www.easyjet.com,flights.aegeanair.com
tickets to penang island,www.kayak.com,www.expedia.com,www.skyscanner.com,www.flightconnections.com,www.directflights.com,www.trip.com,www.tripadvisor.com,www.cheapflights.com,www.traveloka.com,www.skyscanner.net
tickets to cairo,www.kayak.com,www.skyscanner.com,www.expedia.com,www.google.com,www.momondo.com,www.cheapflights.com,www.united.com,www.kayak.com,www.momondo.com,www.tripadvisor.com
tickets to copenhagen,www.kayak.com,www.united.com,www.skyscanner.com,www.expedia.com,www.delta.com,www.google.com,www.skyscanner.net,www.aa.com,www.directflights.com,www.momondo.com
tickets to kyoto,www.expedia.com,www.kayak.com,www.google.com,www.cheapflights.com,www.skyscanner.com,www.cheapflights.com,www.momondo.com,www.momondo.com,www.tripadvisor.com,wowfare.com
tickets to phnom penh,www.kayak.com,www.skyscanner.com,www.google.com,www.expedia.com,www.cheapflights.com,www.momondo.com,www.flightconnections.com,www.kiwi.com,www.booking.com,www.united.com
tickets to doha,www.google.com,www.kayak.com,www.qatarairways.com,www.expedia.com,www.skyscanner.com,www.cheapflights.com,www.momondo.com,www.flightconnections.com,www.aa.com,www.united.com
tickets to chiang mai,www.kayak.com,www.google.com,www.thaiairways.com,www.skyscanner.com,www.expedia.com,www.kayak.com,www.vietnamairlines.com,www.momondo.com,www.singaporeair.com,www.momondo.com
tickets to edirne,www.expedia.com,www.kayak.com,www.tripadvisor.com,www.skyscanner.com,www.gother.com,www.expedia-aarp.com,moovitapp.com,www.busbud.com,www.checkmybus.com,www.tripadvisor.com
tickets to jerusalem,www.expedia.com,www.kayak.com,www.google.com,www.skyscanner.com,www.cheapflights.com,www.tripadvisor.com,www.cheaptickets.com,www.cheapoair.com,www.elal.com,www.travelmath.com
tickets to saint petersburg,www.expedia.com,www.kayak.com,www.google.com,www.cheapflights.com,www.trip.com,www.skyscanner.com,fly2pie.com,www.farecompare.com,www.kayak.com,www.cheaptickets.com
tickets to warsaw,www.kayak.com,www.google.com,www.expedia.com,www.skyscanner.com,www.cheapflights.com,www.momondo.com,www.directflights.com,www.booking.com,www.united.com,www.aa.com
tickets to melbourne,www.kayak.com,www.united.com,www.google.com,www.skyscanner.com,www.cheapflights.com,www.momondo.com,www.expedia.com,www.going.com,www.aa.com,www.kayak.com.au
tickets to marrakesh,www.kayak.com,www.google.com,www.united.com,www.skyscanner.com,www.expedia.com,www.delta.com,www.easyjet.com,www.cheapflights.com,www.tripadvisor.com,www.kiwi.com
tickets to vancouver,www.kayak.com,www.united.com,www.google.com,www.skyscanner.com,www.expedia.com,www.momondo.com,www.skyscanner.ca,www.ca.kayak.com,www.delta.com,www.skyscanner.net
tickets to auckland,www.kayak.com,www.united.com,www.google.com,www.skyscanner.com,www.momondo.com,www.airnewzealand.com,www.cheapflights.com,www.aa.com,www.expedia.com,www.kiwi.com
tickets to tel aviv,www.kayak.com,www.expedia.com,www.united.com,www.google.com,www.elal.com,www.delta.com,www.skyscanner.com,www.cheapflights.com,www.booking.com,www.directflights.com
tickets to honolulu,www.kayak.com,www.expedia.com,www.united.com,www.google.com,www.hawaiianairlines.com,www.cheapflights.com,www.skyscanner.com,www.momondo.com,www.farecompare.com,www.aa.com
tickets to artvin,www.expedia.com,www.turkishairlines.com,www.skyscanner.com,www.gother.com,www.flypgs.com,www.flights.com,www.wingie.com,www.flightconnections.com,www.expedia-aarp.com,tickets.ge
tickets to kolkata,www.makemytrip.com,www.kayak.com,www.skyscanner.com,www.skyscanner.net,www.kayak.com,www.expedia.com,www.united.com,www.flightconnections.com,www.flights.com,www.makemytrip.com
tickets to kraków,www.kayak.com,www.skyscanner.com,www.google.com,www.united.com,www.expedia.com,www.momondo.com,www.cheapflights.com,www.kiwi.com,www.lot.com,www.trip.com
tickets to guilin,www.kayak.com,www.skyscanner.com,www.google.com,www.expedia.com,www.cheapflights.com,www.trip.com,www.airasia.com,www.momondo.com,www.booking.com,www.kiwi.com
tickets to brussels,www.united.com,www.kayak.com,www.google.com,www.skyscanner.net,www.expedia.com,www.delta.com,www.easyjet.com,www.cheapflights.com,www.aa.com,www.skyscanner.com
tickets to frankfurt am main,www.expedia.com,www.kayak.com,www.google.com,www.raileurope.com,www.skyscanner.com,www.skyscanner.com,www.skyscanner.net,www.cheapflights.com,www.google.com,www.momondo.com
tickets to stockholm,www.kayak.com,www.united.com,www.google.com,www.expedia.com,www.skyscanner.com,www.momondo.com,www.cheapflights.com,www.kiwi.com,www.directflights.com,us.jetcost.com
tickets to jeju,www.google.com,www.kayak.com,www.expedia.com,www.skyscanner.com,www.momondo.com,www.cheapflights.com,www.skyscanner.gg,www.trip.com,www.travelocity.com,www.flights.com
tickets to mexico city,www.united.com,www.kayak.com,www.expedia.com,www.skyscanner.com,www.google.com,www.momondo.com,www.cheapflights.com,www.aa.com,flights.idealo.com,www.volaris.com
tickets to siem reap,angkorenterprise.gov.kh,www.expedia.com,www.skyscanner.com,www.kayak.com,www.airasia.com,www.directflights.com,www.flightconnections.com,www.google.com,www.cheapflights.com,www.momondo.com
tickets to lima,www.kayak.com,www.united.com,www.google.com,www.expedia.com,www.skyscanner.com,www.cheapflights.com,www.momondo.com,www.priceline.com,www.directflights.com,www.aa.com
tickets to rio de janeiro,www.expedia.com,www.kayak.com,www.united.com,www.skyscanner.com,www.google.com,www.momondo.com,www.cheapflights.com,www.delta.com,www.booking.com,www.priceline.com
tickets to rhodes,www.google.com,www.expedia.com,flights.aegeanair.com,www.kayak.com,www.skyscanner.com,www.momondo.com,www.cheapflights.com,www.easyjet.com,www.ryanair.com,www.booking.com
tickets to buenos aires,www.united.com,www.aa.com,www.expedia.com,www.kayak.com,www.google.com,www.skyscanner.com,www.directflights.com,www.momondo.com,www.cheapflights.com,www.latamairlines.com
tickets to colombo,www.kayak.com,www.google.com,www.skyscanner.com,www.expedia.com,www.cheapflights.com,www.momondo.com,www.directflights.com,www.flightconnections.com,www.skyscanner.net,www.cheapoair.com
tickets to abu dhabi,www.kayak.com,www.google.com,www.expedia.com,www.skyscanner.com,www.momondo.com,www.almosafer.com,www.cheapflights.com,www.skyscanner.ae,www.aa.com,www.wingie.ae
tickets to taichung,www.expedia.com,www.skyscanner.com,www.google.com,www.momondo.com,www.cheapflights.com,www.booking.com,www.trip.com,www.kiwi.com,www.flightsfinder.com,www.koreanair.com
tickets to washington d.c.,www.google.com,www.kayak.com,www.united.com,www.delta.com,www.skyscanner.com,www.aa.com,www.southwest.com,travelpander.com,www.priceline.com,www.jetblue.com
tickets to chiba,www.kayak.com,www.expedia.com,www.google.com,www.skyscanner.com,www.flights.com,www.cheapflights.com,www.tripadvisor.com,www.travelocity.com,www.kiwi.com,www.skyscanner.ca
tickets to nice,www.kayak.com,www.united.com,www.expedia.com,www.skyscanner.com,www.google.com,www.aa.com,www.delta.com,www.momondo.com,www.skyscanner.net,www.flightconnections.com
